{
  "/bitrix/templates/landing24/assets/vendor/bootstrap/bootstrap.css-29" : {
    "transaction" : "/bitrix/templates/landing24/assets/vendor/bootstrap/bootstrap.css-29",
    "sampleCount" : 200,
    "errorCount" : 0,
    "errorPct" : 0.0,
    "meanResTime" : 373.49499999999983,
    "medianResTime" : 319.0,
    "minResTime" : 155.0,
    "maxResTime" : 1548.0,
    "pct1ResTime" : 730.9,
    "pct2ResTime" : 898.7499999999998,
    "pct3ResTime" : 1309.8700000000001,
    "throughput" : 34.52442603141723,
    "receivedKBytesPerSec" : 1190.4521081477644,
    "sentKBytesPerSec" : 21.375474710857933
  },
  "/bitrix/templates/landing24/theme.css-30" : {
    "transaction" : "/bitrix/templates/landing24/theme.css-30",
    "sampleCount" : 200,
    "errorCount" : 0,
    "errorPct" : 0.0,
    "meanResTime" : 1238.0999999999995,
    "medianResTime" : 1019.5,
    "minResTime" : 436.0,
    "maxResTime" : 8075.0,
    "pct1ResTime" : 2159.800000000001,
    "pct2ResTime" : 2817.0499999999965,
    "pct3ResTime" : 4769.540000000001,
    "throughput" : 13.643495463537759,
    "receivedKBytesPerSec" : 1295.5857962685038,
    "sentKBytesPerSec" : 8.074177979398321
  },
  "/bitrix/js/main/core/core_fx.js-50" : {
    "transaction" : "/bitrix/js/main/core/core_fx.js-50",
    "sampleCount" : 200,
    "errorCount" : 0,
    "errorPct" : 0.0,
    "meanResTime" : 215.53999999999996,
    "medianResTime" : 132.0,
    "minResTime" : 77.0,
    "maxResTime" : 1627.0,
    "pct1ResTime" : 389.2000000000001,
    "pct2ResTime" : 816.6999999999997,
    "pct3ResTime" : 1493.590000000003,
    "throughput" : 10.055809744079642,
    "receivedKBytesPerSec" : 54.393681809040174,
    "sentKBytesPerSec" : 5.725133867967219
  },
  "/bitrix/js/main/sidepanel/css/sidepanel.css-48" : {
    "transaction" : "/bitrix/js/main/sidepanel/css/sidepanel.css-48",
    "sampleCount" : 200,
    "errorCount" : 0,
    "errorPct" : 0.0,
    "meanResTime" : 187.085,
    "medianResTime" : 134.0,
    "minResTime" : 79.0,
    "maxResTime" : 1097.0,
    "pct1ResTime" : 267.8,
    "pct2ResTime" : 619.5999999999997,
    "pct3ResTime" : 945.6100000000013,
    "throughput" : 10.115314586283633,
    "receivedKBytesPerSec" : 35.52213989480073,
    "sentKBytesPerSec" : 6.005968035605908
  },
  "/bitrix/js/landing/css/landing_public.css-39" : {
    "transaction" : "/bitrix/js/landing/css/landing_public.css-39",
    "sampleCount" : 200,
    "errorCount" : 0,
    "errorPct" : 0.0,
    "meanResTime" : 147.375,
    "medianResTime" : 112.0,
    "minResTime" : 75.0,
    "maxResTime" : 557.0,
    "pct1ResTime" : 241.9,
    "pct2ResTime" : 414.84999999999997,
    "pct3ResTime" : 552.7700000000002,
    "throughput" : 12.302392815402595,
    "receivedKBytesPerSec" : 7.701009565110414,
    "sentKBytesPerSec" : 7.268503567693916
  },
  "/bitrix/js/ui/design-tokens/dist/ui.design-tokens.css-45" : {
    "transaction" : "/bitrix/js/ui/design-tokens/dist/ui.design-tokens.css-45",
    "sampleCount" : 200,
    "errorCount" : 0,
    "errorPct" : 0.0,
    "meanResTime" : 206.6650000000001,
    "medianResTime" : 138.5,
    "minResTime" : 82.0,
    "maxResTime" : 1288.0,
    "pct1ResTime" : 342.3000000000002,
    "pct2ResTime" : 791.6499999999999,
    "pct3ResTime" : 1102.3300000000006,
    "throughput" : 10.184336490477644,
    "receivedKBytesPerSec" : 49.608857826662586,
    "sentKBytesPerSec" : 6.156351843364904
  },
  "/bitrix/templates/landing24/assets/css/custom-grid.css-31" : {
    "transaction" : "/bitrix/templates/landing24/assets/css/custom-grid.css-31",
    "sampleCount" : 200,
    "errorCount" : 0,
    "errorPct" : 0.0,
    "meanResTime" : 124.68499999999997,
    "medianResTime" : 106.0,
    "minResTime" : 53.0,
    "maxResTime" : 2588.0,
    "pct1ResTime" : 122.9,
    "pct2ResTime" : 171.44999999999987,
    "pct3ResTime" : 720.4800000000023,
    "throughput" : 19.580967299784607,
    "receivedKBytesPerSec" : 9.924337918543175,
    "sentKBytesPerSec" : 11.836541756412766
  },
  "/bitrix/templates/landing24/template_styles.css-44" : {
    "transaction" : "/bitrix/templates/landing24/template_styles.css-44",
    "sampleCount" : 200,
    "errorCount" : 0,
    "errorPct" : 0.0,
    "meanResTime" : 138.05999999999995,
    "medianResTime" : 111.0,
    "minResTime" : 88.0,
    "maxResTime" : 778.0,
    "pct1ResTime" : 177.0,
    "pct2ResTime" : 247.84999999999997,
    "pct3ResTime" : 630.97,
    "throughput" : 12.25940909648155,
    "receivedKBytesPerSec" : 11.39741939438519,
    "sentKBytesPerSec" : 7.326912467819051
  },
  "/bitrix/templates/landing24/assets/vendor/icon/far/font.woff2-49" : {
    "transaction" : "/bitrix/templates/landing24/assets/vendor/icon/far/font.woff2-49",
    "sampleCount" : 200,
    "errorCount" : 0,
    "errorPct" : 0.0,
    "meanResTime" : 7130.145000000001,
    "medianResTime" : 6800.0,
    "minResTime" : 2404.0,
    "maxResTime" : 14718.0,
    "pct1ResTime" : 10397.8,
    "pct2ResTime" : 11716.699999999999,
    "pct3ResTime" : 14481.54000000001,
    "throughput" : 8.734387282732117,
    "receivedKBytesPerSec" : 2987.476048672373,
    "sentKBytesPerSec" : 5.305457900253297
  },
  "/bitrix/js/ui/design-tokens/dist/ui.design-tokens.css-27" : {
    "transaction" : "/bitrix/js/ui/design-tokens/dist/ui.design-tokens.css-27",
    "sampleCount" : 200,
    "errorCount" : 0,
    "errorPct" : 0.0,
    "meanResTime" : 116.31999999999998,
    "medianResTime" : 106.0,
    "minResTime" : 50.0,
    "maxResTime" : 590.0,
    "pct1ResTime" : 194.7000000000003,
    "pct2ResTime" : 256.5999999999999,
    "pct3ResTime" : 588.7700000000002,
    "throughput" : 38.306837770542046,
    "receivedKBytesPerSec" : 186.59619804635128,
    "sentKBytesPerSec" : 23.23100220264317
  },
  "/bitrix/js/main/popup/dist/main.popup.bundle.css-47" : {
    "transaction" : "/bitrix/js/main/popup/dist/main.popup.bundle.css-47",
    "sampleCount" : 200,
    "errorCount" : 0,
    "errorPct" : 0.0,
    "meanResTime" : 244.26999999999998,
    "medianResTime" : 168.0,
    "minResTime" : 77.0,
    "maxResTime" : 1476.0,
    "pct1ResTime" : 424.4000000000001,
    "pct2ResTime" : 712.1499999999992,
    "pct3ResTime" : 1469.88,
    "throughput" : 10.148678134672958,
    "receivedKBytesPerSec" : 74.75730387679505,
    "sentKBytesPerSec" : 6.085242553407419
  },
  "/bitrix/js/ui/fonts/opensans/ui.font.opensans.css-46" : {
    "transaction" : "/bitrix/js/ui/fonts/opensans/ui.font.opensans.css-46",
    "sampleCount" : 200,
    "errorCount" : 0,
    "errorPct" : 0.0,
    "meanResTime" : 172.51999999999995,
    "medianResTime" : 125.0,
    "minResTime" : 77.0,
    "maxResTime" : 1476.0,
    "pct1ResTime" : 256.10000000000014,
    "pct2ResTime" : 519.7999999999997,
    "pct3ResTime" : 905.3600000000015,
    "throughput" : 10.219724067450178,
    "receivedKBytesPerSec" : 7.72467424629535,
    "sentKBytesPerSec" : 6.12784236075626
  },
  "/bitrix/templates/landing24/assets/vendor/icon/icon-finance/font.woff-36" : {
    "transaction" : "/bitrix/templates/landing24/assets/vendor/icon/icon-finance/font.woff-36",
    "sampleCount" : 200,
    "errorCount" : 0,
    "errorPct" : 0.0,
    "meanResTime" : 931.2199999999999,
    "medianResTime" : 755.0,
    "minResTime" : 240.0,
    "maxResTime" : 7608.0,
    "pct1ResTime" : 1524.5000000000002,
    "pct2ResTime" : 2019.3499999999979,
    "pct3ResTime" : 6737.1900000000305,
    "throughput" : 12.377769525931427,
    "receivedKBytesPerSec" : 691.1485409704171,
    "sentKBytesPerSec" : 7.639404629285802
  },
  "/bitrix/templates/landing24/assets/vendor/icon/icon-food/font.woff-24" : {
    "transaction" : "/bitrix/templates/landing24/assets/vendor/icon/icon-food/font.woff-24",
    "sampleCount" : 200,
    "errorCount" : 0,
    "errorPct" : 0.0,
    "meanResTime" : 874.2950000000002,
    "medianResTime" : 761.5,
    "minResTime" : 304.0,
    "maxResTime" : 3132.0,
    "pct1ResTime" : 1521.4,
    "pct2ResTime" : 1984.0499999999984,
    "pct3ResTime" : 3025.6400000000003,
    "throughput" : 19.447685725398678,