{
  "HTTP Request-1" : {
    "transaction" : "HTTP Request-1",
    "sampleCount" : 1000,
    "errorCount" : 33,
    "errorPct" : 3.3,
    "meanResTime" : 191081.487,
    "medianResTime" : 179331.0,
    "minResTime" : 3925.0,
    "maxResTime" : 1261716.0,
    "pct1ResTime" : 237179.2,
    "pct2ResTime" : 295209.14999999997,
    "pct3ResTime" : 1261284.8,
    "throughput" : 0.792533070423696,
    "receivedKBytesPerSec" : 822.5313557660149,
    "sentKBytesPerSec" : 0.09430059996734763
  },
  "Total" : {
    "transaction" : "Total",
    "sampleCount" : 3000,
    "errorCount" : 66,
    "errorPct" : 2.2,
    "meanResTime" : 127566.03166666663,
    "medianResTime" : 146092.0,
    "minResTime" : 121.0,
    "maxResTime" : 1261983.0,
    "pct1ResTime" : 214844.20000000033,
    "pct2ResTime" : 255887.49999999956,
    "pct3ResTime" : 890014.4599999948,
    "throughput" : 2.3771621280038415,
    "receivedKBytesPerSec" : 1645.730051623047,
    "sentKBytesPerSec" : 0.3835681094588073
  },
  "HTTP Request-0" : {
    "transaction" : "HTTP Request-0",
    "sampleCount" : 1000,
    "errorCount" : 0,
    "errorPct" : 0.0,
    "meanResTime" : 225.79800000000003,
    "medianResTime" : 196.0,
    "minResTime" : 121.0,
    "maxResTime" : 1199.0,
    "pct1ResTime" : 266.0,
    "pct2ResTime" : 294.0,
    "pct3ResTime" : 1126.97,
    "throughput" : 745.156482861401,
    "receivedKBytesPerSec" : 455.9775521609538,
    "sentKBytesPerSec" : 91.68917660208643
  },
  "HTTP Request" : {
    "transaction" : "HTTP Request",
    "sampleCount" : 1000,
    "errorCount" : 33,
    "errorPct" : 3.3,
    "meanResTime" : 191390.80999999994,
    "medianResTime" : 179654.5,
    "minResTime" : 4334.0,
    "maxResTime" : 1261983.0,
    "pct1ResTime" : 237382.5,
    "pct2ResTime" : 295395.95,
    "pct3ResTime" : 1261437.73,
    "throughput" : 0.7923873760012805,
    "receivedKBytesPerSec" : 822.8650258115235,
    "sentKBytesPerSec" : 0.19178405472940366
  }
}