{
  "/bitrix/templates/landing24/assets/vendor/bootstrap/bootstrap.css-29" : {
    "transaction" : "/bitrix/templates/landing24/assets/vendor/bootstrap/bootstrap.css-29",
    "sampleCount" : 100,
    "errorCount" : 0,
    "errorPct" : 0.0,
    "meanResTime" : 278.27,
    "medianResTime" : 197.0,
    "minResTime" : 107.0,
    "maxResTime" : 1143.0,
    "pct1ResTime" : 570.9,
    "pct2ResTime" : 821.4999999999999,
    "pct3ResTime" : 1142.4999999999998,
    "throughput" : 18.198362147406733,
    "receivedKBytesPerSec" : 627.5058291628753,
    "sentKBytesPerSec" : 11.267345313921746
  },
  "/bitrix/templates/landing24/theme.css-30" : {
    "transaction" : "/bitrix/templates/landing24/theme.css-30",
    "sampleCount" : 100,
    "errorCount" : 0,
    "errorPct" : 0.0,
    "meanResTime" : 426.67,
    "medianResTime" : 299.5,
    "minResTime" : 116.0,
    "maxResTime" : 1289.0,
    "pct1ResTime" : 837.8000000000001,
    "pct2ResTime" : 1027.499999999999,
    "pct3ResTime" : 1288.5699999999997,
    "throughput" : 13.8811771238201,
    "receivedKBytesPerSec" : 1318.1560374444753,
    "sentKBytesPerSec" : 8.214837243198224
  },
  "/bitrix/js/main/core/core_fx.js-50" : {
    "transaction" : "/bitrix/js/main/core/core_fx.js-50",
    "sampleCount" : 100,
    "errorCount" : 0,
    "errorPct" : 0.0,
    "meanResTime" : 111.75000000000003,
    "medianResTime" : 99.0,
    "minResTime" : 61.0,
    "maxResTime" : 567.0,
    "pct1ResTime" : 112.0,
    "pct2ResTime" : 208.5999999999999,
    "pct3ResTime" : 566.1599999999996,
    "throughput" : 11.575413821044101,
    "receivedKBytesPerSec" : 62.613493315198525,
    "sentKBytesPerSec" : 6.590299079754602
  },
  "/bitrix/js/main/sidepanel/css/sidepanel.css-48" : {
    "transaction" : "/bitrix/js/main/sidepanel/css/sidepanel.css-48",
    "sampleCount" : 100,
    "errorCount" : 0,
    "errorPct" : 0.0,
    "meanResTime" : 109.27999999999999,
    "medianResTime" : 99.0,
    "minResTime" : 64.0,
    "maxResTime" : 573.0,
    "pct1ResTime" : 114.9,
    "pct2ResTime" : 132.79999999999995,
    "pct3ResTime" : 572.1299999999995,
    "throughput" : 11.499540018399264,
    "receivedKBytesPerSec" : 40.38315029898804,
    "sentKBytesPerSec" : 6.827851885924563
  },
  "/bitrix/js/landing/css/landing_public.css-39" : {
    "transaction" : "/bitrix/js/landing/css/landing_public.css-39",
    "sampleCount" : 100,
    "errorCount" : 0,
    "errorPct" : 0.0,
    "meanResTime" : 96.31999999999992,
    "medianResTime" : 97.0,
    "minResTime" : 54.0,
    "maxResTime" : 384.0,
    "pct1ResTime" : 109.80000000000001,
    "pct2ResTime" : 112.89999999999998,
    "pct3ResTime" : 381.39999999999867,
    "throughput" : 12.428535918468803,
    "receivedKBytesPerSec" : 7.7799721911508835,
    "sentKBytesPerSec" : 7.343031475267214
  },
  "/bitrix/js/ui/design-tokens/dist/ui.design-tokens.css-45" : {
    "transaction" : "/bitrix/js/ui/design-tokens/dist/ui.design-tokens.css-45",
    "sampleCount" : 100,
    "errorCount" : 0,
    "errorPct" : 0.0,
    "meanResTime" : 125.55000000000001,
    "medianResTime" : 98.0,
    "minResTime" : 71.0,
    "maxResTime" : 897.0,
    "pct1ResTime" : 122.9,
    "pct2ResTime" : 218.34999999999894,
    "pct3ResTime" : 896.92,
    "throughput" : 11.488970588235295,
    "receivedKBytesPerSec" : 55.96385282628676,
    "sentKBytesPerSec" : 6.9449929630055145
  },
  "/bitrix/templates/landing24/assets/css/custom-grid.css-31" : {
    "transaction" : "/bitrix/templates/landing24/assets/css/custom-grid.css-31",
    "sampleCount" : 100,
    "errorCount" : 0,
    "errorPct" : 0.0,
    "meanResTime" : 86.08000000000004,
    "medianResTime" : 93.0,
    "minResTime" : 50.0,
    "maxResTime" : 122.0,
    "pct1ResTime" : 104.0,
    "pct2ResTime" : 108.0,
    "pct3ResTime" : 121.97999999999999,
    "throughput" : 15.728216420257942,
    "receivedKBytesPerSec" : 7.971625314564329,
    "sentKBytesPerSec" : 9.507583949355144
  },
  "/bitrix/templates/landing24/template_styles.css-44" : {
    "transaction" : "/bitrix/templates/landing24/template_styles.css-44",
    "sampleCount" : 100,
    "errorCount" : 0,
    "errorPct" : 0.0,
    "meanResTime" : 103.24999999999997,
    "medianResTime" : 97.0,
    "minResTime" : 61.0,
    "maxResTime" : 406.0,
    "pct1ResTime" : 112.9,
    "pct2ResTime" : 118.94999999999999,
    "pct3ResTime" : 405.88999999999993,
    "throughput" : 12.416190712689348,
    "receivedKBytesPerSec" : 11.543177303203377,
    "sentKBytesPerSec" : 7.420613980630742
  },
  "/bitrix/templates/landing24/assets/vendor/icon/far/font.woff2-49" : {
    "transaction" : "/bitrix/templates/landing24/assets/vendor/icon/far/font.woff2-49",
    "sampleCount" : 100,
    "errorCount" : 0,
    "errorPct" : 0.0,
    "meanResTime" : 1475.71,
    "medianResTime" : 1349.0,
    "minResTime" : 474.0,
    "maxResTime" : 3528.0,
    "pct1ResTime" : 2334.6000000000004,
    "pct2ResTime" : 2589.0499999999997,
    "pct3ResTime" : 3526.309999999999,
    "throughput" : 10.580890911014707,
    "receivedKBytesPerSec" : 3619.0470089144005,
    "sentKBytesPerSec" : 6.427064596339012
  },
  "/bitrix/js/ui/design-tokens/dist/ui.design-tokens.css-27" : {
    "transaction" : "/bitrix/js/ui/design-tokens/dist/ui.design-tokens.css-27",
    "sampleCount" : 100,
    "errorCount" : 0,
    "errorPct" : 0.0,
    "meanResTime" : 115.78000000000002,
    "medianResTime" : 89.5,
    "minResTime" : 50.0,
    "maxResTime" : 638.0,
    "pct1ResTime" : 209.4000000000001,
    "pct2ResTime" : 493.79999999999995,
    "pct3ResTime" : 637.3099999999996,
    "throughput" : 19.025875190258752,
    "receivedKBytesPerSec" : 92.67682172754947,
    "sentKBytesPerSec" : 11.538152825342465
  },
  "/bitrix/js/main/popup/dist/main.popup.bundle.css-47" : {
    "transaction" : "/bitrix/js/main/popup/dist/main.popup.bundle.css-47",
    "sampleCount" : 100,
    "errorCount" : 0,
    "errorPct" : 0.0,
    "meanResTime" : 136.55999999999992,
    "medianResTime" : 98.5,
    "minResTime" : 74.0,
    "maxResTime" : 1659.0,
    "pct1ResTime" : 116.80000000000001,
    "pct2ResTime" : 493.04999999999706,
    "pct3ResTime" : 1648.4399999999946,
    "throughput" : 11.485012059262662,
    "receivedKBytesPerSec" : 84.60102144826001,
    "sentKBytesPerSec" : 6.886520902721947
  },
  "/bitrix/js/ui/fonts/opensans/ui.font.opensans.css-46" : {
    "transaction" : "/bitrix/js/ui/fonts/opensans/ui.font.opensans.css-46",
    "sampleCount" : 100,
    "errorCount" : 0,
    "errorPct" : 0.0,
    "meanResTime" : 100.36999999999996,
    "medianResTime" : 97.0,
    "minResTime" : 68.0,
    "maxResTime" : 411.0,
    "pct1ResTime" : 115.20000000000005,
    "pct2ResTime" : 123.84999999999997,
    "pct3ResTime" : 408.1799999999986,
    "throughput" : 11.469205184080744,
    "receivedKBytesPerSec" : 8.66910626218603,
    "sentKBytesPerSec" : 6.877042952173415
  },
  "/bitrix/templates/landing24/assets/vendor/icon/icon-finance/font.woff-36" : {
    "transaction" : "/bitrix/templates/landing24/assets/vendor/icon/icon-finance/font.woff-36",
    "sampleCount" : 100,
    "errorCount" : 0,
    "errorPct" : 0.0,
    "meanResTime" : 259.16999999999996,
    "medianResTime" : 205.5,
    "minResTime" : 61.0,
    "maxResTime" : 884.0,
    "pct1ResTime" : 481.7000000000005,
    "pct2ResTime" : 701.7999999999988,
    "pct3ResTime" : 884.0,
    "throughput" : 12.599218848431397,
    "receivedKBytesPerSec" : 703.5138040191508,
    "sentKBytesPerSec" : 7.776080383016253
  },
  "/bitrix/templates/landing24/assets/vendor/icon/icon-food/font.woff-24" : {
    "transaction" : "/bitrix/templates/landing24/assets/vendor/icon/icon-food/font.woff-24",
    "sampleCount" : 100,
    "errorCount" : 0,
    "errorPct" : 0.0,
    "meanResTime" : 447.0199999999999,
    "medianResTime" : 216.5,
    "minResTime" : 115.0,
    "maxResTime" : 2065.0,
    "pct1ResTime" : 977.0000000000002,
    "pct2ResTime" : 1261.799999999999,
    "pct3ResTime" : 2062.5599999999986,
    "throughput" : 15.79778830963665,
    "receivedKBytesPerSec" : 1384.697743878357,