{
  "HTTP Request-1" : {
    "transaction" : "HTTP Request-1",
    "sampleCount" : 100,
    "errorCount" : 0,
    "errorPct" : 0.0,
    "meanResTime" : 11471.23,
    "medianResTime" : 12157.5,
    "minResTime" : 3699.0,
    "maxResTime" : 17652.0,
    "pct1ResTime" : 14621.1,
    "pct2ResTime" : 15660.799999999996,
    "pct3ResTime" : 17643.959999999995,
    "throughput" : 5.660911406736484,
    "receivedKBytesPerSec" : 6075.112720687093,
    "sentKBytesPerSec" : 0.6965574582507784
  },
  "Total" : {
    "transaction" : "Total",
    "sampleCount" : 300,
    "errorCount" : 0,
    "errorPct" : 0.0,
    "meanResTime" : 7804.586666666666,
    "medianResTime" : 10375.0,
    "minResTime" : 160.0,
    "maxResTime" : 17830.0,
    "pct1ResTime" : 13970.600000000004,
    "pct2ResTime" : 15307.199999999997,
    "pct3ResTime" : 17011.91,
    "throughput" : 16.70378619153675,
    "receivedKBytesPerSec" : 11957.46787566119,
    "sentKBytesPerSec" : 2.740464922048998
  },
  "HTTP Request-0" : {
    "transaction" : "HTTP Request-0",
    "sampleCount" : 100,
    "errorCount" : 0,
    "errorPct" : 0.0,
    "meanResTime" : 232.81000000000003,
    "medianResTime" : 196.5,
    "minResTime" : 160.0,
    "maxResTime" : 531.0,
    "pct1ResTime" : 287.9,
    "pct2ResTime" : 353.5499999999992,
    "pct3ResTime" : 530.8599999999999,
    "throughput" : 113.37868480725623,
    "receivedKBytesPerSec" : 69.38244047619048,
    "sentKBytesPerSec" : 13.950892857142858
  },
  "HTTP Request" : {
    "transaction" : "HTTP Request",
    "sampleCount" : 100,
    "errorCount" : 0,
    "errorPct" : 0.0,
    "meanResTime" : 11709.719999999998,
    "medianResTime" : 12465.5,
    "minResTime" : 3910.0,
    "maxResTime" : 17830.0,
    "pct1ResTime" : 14910.400000000001,
    "pct2ResTime" : 15948.849999999995,
    "pct3ResTime" : 17821.819999999996,
    "throughput" : 5.567928730512249,
    "receivedKBytesPerSec" : 5978.733937830595,
    "sentKBytesPerSec" : 1.370232461024499
  }
}